time,OD
0.0,0.0337376
19.5783,0.262754
39.3354,0.512377
58.1547,0.718863
124.451,0.644691
144.003,0.560560
164.441,0.579566
185.806,0.654833
