time,OD
0.0,0.0374997
19.7127,0.103380
39.4476,0.379253
58.3951,0.433865
124.543,0.535942
144.727,0.279318
166.655,0.264592
186.067,0.345460
