;H2o;H2f;CO2o;CO2f;CH4o;CH4f;Tf
0;8.044856813739522e-08;4.980984690484293e-06;5.737319060258858e-07;6.575220565399616e-08;9.987894611151833e-05;1.122438355438333e-05;421.5089703802877
1;3.3582076855707247e-08;0.0241904024379901;2.8637011961331895e-06;0.020102766553155106;6.203081976604441e-08;2.9039878395007675e-08;334.10482473745833
2;4.544808886300753e-05;0.0009644580049998343;5.3838386502403835e-05;0.00322811865925728;3.2771353363718625e-06;1.991047716657293e-07;313.0103185970559
3;4.2696029760553e-06;0.00013527298180805679;1.566078956285711e-05;8.431357459060789e-07;8.784083006502672e-06;5.076661927082597e-07;489.7771074506667
4;1.1088035648662871e-05;1.9917182254599547e-07;2.4084410727950234e-06;5.618005576538622e-07;8.982237769790784e-09;1.5736951578610765e-06;493.12640661491184
