;R1;FH2;FCH4
0;0.1249387366083;9.401896593927312;8.799836602599349
1;1.146128035678238;9.945964638277587;9.276957857319012
