;R1;FH2;FCH4
0;1.3333333333333335;2522880000.0;630720000.0
1;13.999999999999998;8830080000.0;1892160000.0
