time,OD
0.0,0.0393626
18.6802,0.172742
39.8777,0.446758
59.2521,0.572626
125.474,0.586579
145.577,0.425580
165.062,0.420198
185.449,0.501078
